{"train_loss": [0.4203447727362315, 0.35376367131868997, 0.3225134762128194, 0.2868375752369563, 0.26323993523915606, 0.2435243934392929, 0.22711248596509298, 0.20845313449700673, 0.1971744563182195, 0.18653186162312826, 0.18226859350999197, 0.17356046656767526, 0.1640909461180369, 0.1605432476600011, 0.15412587384382884, 0.15002661903699238, 0.15190818578004836, 0.14159776190916698, 0.13734438627958298, 0.13932799686988195, 0.12934939603010814, 0.13019103139638902, 0.12346292008956274, 0.11899703939755758, 0.11625757237275441, 0.11425660997629165, 0.1099554243683815, 0.10869774440924326, 0.11069636285305023, 0.1036506117383639, 0.09995639403661093, 0.09592723151048024, 0.09429588089386622, 0.09715772132078807, 0.09442307551701863, 0.09321927388509114, 0.0885299704472224, 0.08750980973243713, 0.08496157119671503, 0.08349236816167832, 0.08980689565340678, 0.08557817856470744, 0.08462642202774684, 0.08552614192167918, 0.08465152353048325, 0.07990134944518407, 0.07720342139403025, 0.07636162022749583, 0.07531081597010295, 0.07493727127710978], "val_loss": [0.3946692833774968, 0.41463949805811834, 0.37991304617179067, 0.31307230968224375, 0.30293927851476166, 0.27575400863823135, 0.2672943190524453, 0.23697012113897423, 0.24036248341987007, 0.2410265968034142, 0.24129919943056607, 0.2514428817912152, 0.23509410258970762, 0.21377328195069967, 0.21454395902784248, 0.20986351449238627, 0.22823278135374972, 0.20870883919690786, 0.25385364341108424, 0.23013730504010854, 0.21588433337839028, 0.24101984814593666, 0.23161712053575015, 0.22083676488775955, 0.22184112432755923, 0.223132198578433, 0.2350980741413016, 0.22611176732339358, 0.22195595581280558, 0.23126529235588877, 0.2436746154960833, 0.25205291886078685, 0.2429701866287934, 0.24101082980632782, 0.23035150295809695, 0.24499500660519852, 0.2626441748518693, 0.2619534542686061, 0.2722534058909667, 0.2653381730380811, 0.25587592391591324, 0.24786975666096336, 0.2754731154755542, 0.28901763103510203, 0.2743081599473953, 0.2680180943325946, 0.28032223488155167, 0.2874524789421182, 0.28050638421585683, 0.295524421491121], "train_accuracy": [0.7832016536458335, 0.8032468802083333, 0.8299773307291668, 0.8541008854166667, 0.8713801145833332, 0.8837678828125002, 0.8944789843750003, 0.9052388307291662, 0.9119046510416664, 0.9175787265625, 0.9199445390625001, 0.9250147135416665, 0.9296434192708337, 0.9317000989583333, 0.9347520911458328, 0.9366626614583335, 0.9360673619791662, 0.9413434296875, 0.94375728125, 0.9431840781249999, 0.9478131250000004, 0.9472434348958336, 0.9503329583333332, 0.9528570338541668, 0.9541605625000004, 0.9550086874999999, 0.9571535624999997, 0.9577251614583332, 0.9562577421875004, 0.9599006640624999, 0.9614809348958329, 0.9633882916666668, 0.9639224739583335, 0.9623658906249997, 0.9637392578125, 0.9642867395833336, 0.9662269843749999, 0.9663914140625, 0.967630734375, 0.967881604166667, 0.9651744895833335, 0.9670043124999997, 0.9671621796875, 0.9669404739583333, 0.9670768125000004, 0.9690131067708332, 0.969759869791667, 0.9701999609375003, 0.9703561744791667, 0.9704492343749997], "val_accuracy": [0.7890065035635964, 0.783599530564693, 0.7995879420230263, 0.8448042489035086, 0.8518977898848683, 0.8647060958059211, 0.8732400047971491, 0.8843597621984648, 0.8843559484649124, 0.8973154605263162, 0.8947889494243422, 0.8885791118421051, 0.900362698739035, 0.9051310444078948, 0.905958669133772, 0.912222186814693, 0.9095522854989037, 0.9106197985197367, 0.9006901110197368, 0.9105668722587721, 0.9125986533717105, 0.9128051123903504, 0.9164589706688597, 0.9195917043585526, 0.9185157757675441, 0.9188901281524124, 0.9151957956414474, 0.9188164747807017, 0.9206392886513157, 0.9185687123081141, 0.9194185820997806, 0.9215613384046052, 0.9174867461622808, 0.9192182908442984, 0.9229535019188596, 0.9205866776315791, 0.9205839569627191, 0.9234717173793859, 0.9222395079495616, 0.9231693050986842, 0.9205803728070174, 0.9216231291118422, 0.9184016173245615, 0.9210773951480263, 0.9219468064692982, 0.9235066406250001, 0.9228786218475877, 0.9235135108278508, 0.9245500651041666, 0.9229462547971492], "train_f1": [0.2898950158216964, 0.4088417926030409, 0.49982523959272396, 0.5944776357858319, 0.657206378658312, 0.6962394151876824, 0.7290764175476317, 0.7603366961543152, 0.7802128271488039, 0.7961154790733499, 0.8023288571847202, 0.8161711292672683, 0.8285894817987031, 0.8341056407308362, 0.8417459663569217, 0.8467491095035414, 0.8456365565921499, 0.8592231007808969, 0.8657879234783602, 0.8640617170628129, 0.8757777407160531, 0.874328045637187, 0.8820422583112982, 0.8885020193944542, 0.8917476092067466, 0.8936621357326131, 0.8989524906429277, 0.9005356686779765, 0.8967695063365299, 0.9057776074915508, 0.9096400799885801, 0.9140312845715727, 0.9154120447759815, 0.9115506200441706, 0.9149411260323522, 0.9163934170752697, 0.9208897406782618, 0.9212882806373085, 0.9242005817176482, 0.9249141811833717, 0.9183289878780301, 0.922711725176941, 0.9231427861988173, 0.922438975024978, 0.9227808145900499, 0.9273913464578543, 0.9291450587862327, 0.9302494773310207, 0.9305735566365904, 0.930716070910432], "val_f1": [0.5278753576251315, 0.5750791241289372, 0.579017185558387, 0.5821350112282143, 0.5994103664145403, 0.6491468853600372, 0.6666538394871705, 0.6927126827563, 0.694261328414952, 0.7533994119288984, 0.7501597240502171, 0.7402786035007667, 0.7622679512707794, 0.7557299525351122, 0.7553111567539771, 0.7785272269044006, 0.780827545693655, 0.7790539700179618, 0.742104461264014, 0.7816142479406627, 0.7873998211724863, 0.7885065798568717, 0.7909599553310066, 0.8000646768820081, 0.7966244556189228, 0.7983109979033286, 0.7948453737376299, 0.7993304856886416, 0.8118216044929095, 0.7968936387686757, 0.7951012087230523, 0.8052210604415518, 0.7928990537159917, 0.8075463593131438, 0.8104165284529798, 0.8052492739108329, 0.8090089123516403, 0.8118451400213061, 0.8069353211760957, 0.8108729926556684, 0.8076673983919338, 0.815077635154004, 0.7917442066887267, 0.8018172569696396, 0.8065494518259309, 0.8106408187138449, 0.8094366826949289, 0.809444888542537, 0.8171298420877631, 0.811475319640196]}